{
    "best_period": 0.30024617090855493,
    "best_uncertainty": 2.865997097694364,
    "chunk_best_period": 0.09999999999999999,
    "sliding_best_period": 0.30024617090855493,
    "subtraction_best_period": 0.30024617090855493
}