{
    "best_period": 0.019998002013405427,
    "best_uncertainty": 0.00019998002013405427,
    "chunk_best_period": 0.019998002013405427,
    "sliding_best_period": 0.019998002013405427,
    "subtraction_best_period": 0.019998002013405427
}