{
    "best_period": 0.010099983121704901,
    "best_uncertainty": 0.00010099983121704902,
    "chunk_best_period": 0.019998002013405427,
    "sliding_best_period": 0.010099983121704901,
    "subtraction_best_period": 0.010099983121704901
}