{
    "best_period": 0.01009995093369093,
    "best_uncertainty": 0.0001009995093369093,
    "chunk_best_period": 0.019997992427968875,
    "sliding_best_period": 0.01009995093369093,
    "subtraction_best_period": 0.01009995093369093
}