{
    "best_period": 1.0031964840246665,
    "best_uncertainty": 0.2539915003322899,
    "chunk_best_period": 1.0002487103620181,
    "sliding_best_period": 1.000331627561229,
    "subtraction_best_period": 1.0031964840246665
}